[
  {
    "channel_name": "PC Builder Bangladesh",
    "video_title": "A Minimal and Clean \u098f\u09a1\u09bf\u099f\u09bf\u0982 \u09aa\u09bf\u09b8\u09bf \u09ac\u09bf\u09b2\u09cd\u09a1 for Sohag360 ft Geforce RTX 2070 Super",
    "comments": [
      {
        "author_name": "Ahmed Shihab",
        "comment": "\u09aa\u09bf\u09b8\u09bf \u09ac\u09bf\u09b2\u09cd\u09a1\u09be\u09b0 \u09ac\u09bf\u09a1\u09bf most underrated \u099f\u09bf\u09ae\u0964 \u0989\u09a8\u09be\u09a6\u09c7\u09b0 \u098f\u09a4\u09cd\u09a4 \u0995\u09cb\u09df\u09be\u09b2\u09bf\u099f\u09bf \u09b8\u09ae\u09cd\u09aa\u09a8\u09cd\u09a8 \u09ad\u09bf\u09a1\u09bf\u0993 \u09a4\u09ac\u09c1 \u0995\u09c7\u09a8 \u099c\u09be\u09a8\u09bf \u09aa\u09cd\u09b0\u099a\u09be\u09b0 \u09a8\u09be\u0987\u0964 \u09a4\u09be\u09a6\u09c7\u09b0 \u099f\u09bf\u09ae\u09ad\u09bf\u09a4\u09cd\u09a4\u09bf\u0995 \u0995\u09be\u099c \u09ac\u09c7\u09b6 \u0997\u09cb\u099b\u09be\u09b2\u09cb \u098f\u09ac\u0982 \u09b8\u09c3\u099c\u09a8\u09b6\u09c0\u09b2\u0964 \u09ac\u099b\u09b0\u0996\u09be\u09a8\u09bf\u0995 \u09a5\u09c7\u0995\u09c7\u0987 \u09ab\u09b2\u09cb \u0995\u09b0\u09bf\u09f7 \u0987\u09a8\u09b6\u09be\u0986\u09b2\u09cd\u09b2\u09be\u09b9 \u09aa\u09be\u09b6\u09c7 \u0986\u099b\u09bf\u0964 \u0985\u09ac\u09bf\u09b0\u09be\u09ae \u2764\ud83d\udc96\u2764 \n\ud83d\ude0a"
      },
      {
        "author_name": "Newaz",
        "comment": "Shohag: secretly my GPU is sponsored by colorful ;)"
      },
      {
        "author_name": "Mynameis Noor",
        "comment": "When Corona viruse is gone 0:01"
      },
      {
        "author_name": "Arhan Hasan",
        "comment": "Looks like the GPU is gonna suffocate. Too close to the side panel."
      },
      {
        "author_name": "IshrakPROGamer",
        "comment": "I wish everyone shares this video actually they make top quality videos (atleast in Bangladesh) but unfortunately there are so low PC enthusiasts and pc shop owners also doesn't know much about pcs btw JOSS"
      },
      {
        "author_name": "The Tech Theatre",
        "comment": "\u0985\u09a8\u09c7\u0995\u09a6\u09bf\u09a8 \u09a7\u09b0\u09c7\u0987 \u0985\u09aa\u09c7\u0995\u09cd\u09b7\u09be \u0995\u09b0\u09c7\u099b\u09bf\u09b2\u09be\u09ae \u098f\u0987 \u09ad\u09bf\u09a1\u09bf\u0993\u099f\u09bf\u09b0 \u099c\u09a8\u09cd\u09af\u09c7......\n\u09af\u0996\u09a8 \u09a5\u09c7\u0995\u09c7 \u09b8\u09cb\u09b9\u09be\u0997 \u09ad\u09be\u0987\u09df\u09c7\u09b0 \u0995\u09be\u099b \u09a5\u09c7\u0995\u09c7 \u099c\u09be\u09a8\u09a4\u09c7 \u09aa\u09be\u09b0\u09b2\u09be\u09ae \u09a4\u09be\u09b0 \u09a8\u09a4\u09c1\u09a8 \u09aa\u09bf\u09b8\u09bf \u09ac\u09bf\u09b2\u09cd\u09a1 \u098f\u09b0 \u0995\u09be\u099c \u099a\u09b2\u099b\u09c7!!!\n\u098f\u09b0\u0995\u09ae \u098f\u0995\u099f\u09be \u09aa\u09bf\u09b8\u09bf \u09ac\u09bf\u09b2\u09cd\u09a1 \u098f\u09b0 \u09b8\u09cd\u09ac\u09aa\u09cd\u09a8 \u0986\u09ae\u09be\u09b0 \u0993 \u09b0\u09df\u09c7\u099b\u09c7!\n\u0996\u09c1\u09ac \u0996\u09c1\u09ac \u09ad\u09be\u09b2\u09cb \u09b2\u09be\u0997\u09b2\u09cb, \u0995\u09bf \u0985\u09b8\u09be\u09a7\u09be\u09b0\u09a3 \u0995\u09cb\u09df\u09be\u09b2\u09bf\u099f\u09bf\u09ab\u09c1\u09b2 \u09ad\u09bf\u09a1\u09bf\u0993 \u0986\u09aa\u09a8\u09be\u09b0\u09be \u09ac\u09be\u09a8\u09be\u09a4\u09c7 \u09aa\u09be\u09b0\u09c7\u09a8\u0964"
      },
      {
        "author_name": "Nabid Hasan",
        "comment": "Someone show this video to Hasan Vlogs \ud83d\ude02"
      },
      {
        "author_name": "AMAZING! ARIYAN",
        "comment": "The level of your contents are going up and up\nApparently PC Builder Bangladesh is the best pc building channel in the South Asia"
      },
      {
        "author_name": "FORHAD RAHMAN",
        "comment": "PC Cost: Around 3lakh.\n\u09b8\u09cb\u09b9\u09be\u0997 \u09ad\u09be\u0987\u0983 \"\u0986\u09ae\u09bf \u09ac\u09b2\u09ac \u0986\u09ae\u09bf \u09af\u09c7 \u099f\u09be\u0995\u09be \u09b8\u09cd\u09aa\u09c7\u09a8\u09cd\u09a1 \u0995\u09b0\u09c7\u099b\u09bf \u098f\u099f\u09be... \u0996\u09c1\u09ac \u09ac\u09c7\u09b6\u09bf \u09ac\u09b2\u09c7 \u0986\u09ae\u09be\u09b0 \u09ae\u09a8\u09c7 \u09b9\u09df \u09a8\u09be\"\u0964 \n\u0986\u09ae\u09b0\u09be \u099c\u09a8\u09a4\u09be\u0983..."
      },
      {
        "author_name": "\ua9c1SHARIF\ua9c2",
        "comment": "Shohag: secretly my GPU is sponsored by colorful ;)"
      },
      {
        "author_name": "Knowledge Boy",
        "comment": "\u0995\u09ae \u09a6\u09be\u09ae\u09c7\u09b0 \u09b8\u09c7\u09b0\u09be Gaming+Video Editing \u098f\u09b0 \u099c\u09a8\u09cd\u09af \u09ad\u09be\u09b2 \u09ae\u09be\u09a8\u09c7\u09b0 PC Build \u0995\u09b0\u09c1\u09a8\ud83d\ude42"
      },
      {
        "author_name": "Dewan Tanvir Ahmed",
        "comment": "\u09ad\u09be\u09b2\u09cb\u09ac\u09be\u09b8\u09be\u09b0 \u0986\u09b0\u09c7\u0995 \u09a8\u09be\u09ae,  \u09aa\u09bf\u09b8\u09bf \u09ac\u09bf\u09b2\u09cd\u09a1\u09be\u09b0 \u09ac\u09be\u0982\u09b2\u09be\u09a6\u09c7\u09b6 \u0993 \u09b8\u09cb\u09b9\u09be\u0997 \u09e9\u09ec\u09e6 \u099a\u09cd\u09af\u09be\u09a8\u09c7\u09b2\u0964 \u2764"
      },
      {
        "author_name": "Sadikur Rahman Mashrafi",
        "comment": "0:00 Shohag vai er bhetki mara hashi dekhe amio heshe fellam :)"
      },
      {
        "author_name": "Sajedul Islam Akash",
        "comment": "Brother monitor konta use kora hoise ? Kindly janaben ..."
      },
      {
        "author_name": "Tashin ahmed",
        "comment": "noice work <3"
      },
      {
        "author_name": "Sadman Yaseer",
        "comment": "8:19 24 Pin cable er ai obosta ken?? Same for gpu cables.\n\nOCD TRIGGERED!!!!!!!"
      },
      {
        "author_name": "Sajedul Vlogs",
        "comment": "In sha allah next e konodin amio Pc builder er maddhome amr pc build korbo.. bangladesh er shob theke trusted builder..bolte shudhu pc builder kei chini..love you"
      },
      {
        "author_name": "Richi Nandan Paul",
        "comment": "Vaia kom damer modde akta gaming laptop nia video banan..\u2764"
      },
      {
        "author_name": "Asif Islam Abir",
        "comment": "\u09b9\u09be\u09a4\u09c7 \u09aa\u09c7\u09df\u09c7 \u0995\u09c0 \u0998\u09b7\u09be\u099f\u09be\u0987 \u09a8\u09be \u09a6\u09bf\u09b8\u09c7 \u09ad\u09be\u0987\u09b0\u09c7\u0964"
      },
      {
        "author_name": "Mahir S",
        "comment": "Wait for your videos every month PCB.Keep it up!"
      },
      {
        "author_name": "Maharaf Labib",
        "comment": "Need a proper review for m.2 SSD please"
      },
      {
        "author_name": "Shams Kabir",
        "comment": "How come it took 300k for this build! Can someone please explain?"
      },
      {
        "author_name": "Oly Ahmed",
        "comment": "Sob review believe kora jay na. sponsor paile sob product ei valo."
      },
      {
        "author_name": "Md. Taif Hossain",
        "comment": "\u09b8\u09cb\u09b9\u09be\u0997 \u09ad\u09be\u0987 \u09a4\u09be\u09b9\u09b2\u09c7 \u098f\u0996\u09be\u09a8\u09c7\u0964 \u0986\u09ae\u09bf \u0993\u09a8\u09be\u09b0 \u0987\u0989\u099f\u09bf\u09ac \u099a\u09cd\u09af\u09be\u09a8\u09c7\u09b2 \u0993 \u09ab\u09c7\u09b8\u09ac\u09c1\u0995 \u09aa\u09c7\u099c \u098f \u09aa\u09bf\u09b8\u09bf \u09ac\u09bf\u09b2\u09cd\u09a1 \u098f\u09b0 \u09ac\u09bf\u09a1\u09bf\u0993 \u09b0\u09bf\u0995\u09cb\u09df\u09c7\u09b8\u09cd\u099f \u0995\u09ae\u09c7\u09a8\u09cd\u099f \u0995\u09b0\u09a4\u09c7 \u0995\u09b0\u09a4\u09c7 \u09b6\u09c7\u09b7\u0964"
      },
      {
        "author_name": "chandrasekhar dhar",
        "comment": "RAM Bus speed Arektu beshi nilen na keno ?!"
      },
      {
        "author_name": "Mayidul Hasan",
        "comment": "3600mhz RAM use korle best hoito :)"
      },
      {
        "author_name": "Tech Time Entertainment In Daily Life",
        "comment": "\u09ad\u09be\u0987 \u09aa\u09cd\u09b2\u09bf\u099c \u0995\u09c7\u0989 \u098f\u0987 background music \u099f\u09be use \u0995\u09b0\u09c7\u099b\u09c7 \u09a4\u09be\u09b0 \u09a8\u09be\u09ae \u0985\u09a5\u09ac\u09be download link \u09a6\u09b0\u0995\u09be\u09b0 \u09aa\u09cd\u09b2\u09bf\u099c \u0995\u09c7\u0989 \u09ac\u09b2\u09c7\u09a8"
      },
      {
        "author_name": "Fatin Ishraq",
        "comment": "Ah \u2764\ufe0f"
      },
      {
        "author_name": "Infonoid Amv",
        "comment": "Bhai less budget around 80k er mdhe ekta build ryzen 5 3600 er build or guide krle onnk bhalo hoito plzzz \ud83d\ude4f\ud83d\ude4f"
      },
      {
        "author_name": "Faiz Muhtasim",
        "comment": "Gpu air flow te performance down hbe na!?"
      },
      {
        "author_name": "RakhineVlogs",
        "comment": "Apnader ki kono Shop ache? Ami PC build korte chai apnader kaj theke #PCBuilderBangladesh"
      },
      {
        "author_name": "Anime Lover's Heaven",
        "comment": "\u0986\u09ae\u09bf AMD Rhyzen 5 \u0987\u0989\u099c \u0995\u09b0\u09c7 \u09ec\u09ea \u099c\u09bf\u09ac\u09bf \u09b0\u09c7\u09ae \u09a8\u09bf\u099b\u09bf"
      },
      {
        "author_name": "Sparkling",
        "comment": "PCB is becoming LTT of Bangladesh \u2764\ufe0f"
      },
      {
        "author_name": "Muhammad Rayhan",
        "comment": "\u09ac\u09be\u099c\u09c7\u099f \u09b6\u09c1\u09a8\u09c7 \u0986\u09ae\u09bf\u0993 satisfied \ud83d\ude15"
      },
      {
        "author_name": "Fardeen Rupok",
        "comment": "9:31 GAME AKA AKA CHOLE KEN"
      },
      {
        "author_name": "shamimarch",
        "comment": "How do you import components from abroad ? I want to know the source ."
      },
      {
        "author_name": "masud rana",
        "comment": "so beautiful pc...both of u absulately brilliant\u2665\u2665\ud83c\udf39go Ahead"
      },
      {
        "author_name": "Md. Rabiul Alam Hridoy",
        "comment": "Great video... I m really surprised with the directory."
      },
      {
        "author_name": "SHEFAT MAHAMUD",
        "comment": "\u098f\u0996\u09a8 \u09a5\u09c7\u0995\u09c7 Sohag360 \u09ad\u09bf\u09a1\u09bf\u0993 \u09ac\u09cd\u09af\u09be\u0995\u0997\u09cd\u09b0\u09be\u0989\u09a8\u09cd\u09a1\u09c7 \u098f\u0987 \u09aa\u09bf\u09b8\u09bf\u09b0 \u09a5\u09bf\u09ae \u09a5\u09be\u0995\u09ac\u09c7\u0964"
      },
      {
        "author_name": "Zon Gaming",
        "comment": "Vai plz \ud83d\ude4f 30k er moddhe akta Gaming And editing PC build koren plz \ud83d\ude4f\ud83d\ude4f\ud83d\ude4f\ud83d\ude4f"
      },
      {
        "author_name": "It'z M\u00e3h\u00ef\u00f1",
        "comment": "vai apneder review gula vlo but gameplay test er bela old old game khelen kn??\nupdate version game gulo khelle old game khela jabe"
      },
      {
        "author_name": "Evan Bolt",
        "comment": "\u099c\u09cb\u09b8 \u2764\ud83d\udd25"
      },
      {
        "author_name": "Safiur Rahman Shahal",
        "comment": "Thanks for this bro. Apnara ke kono subscriber ar pc bulid koran."
      },
      {
        "author_name": "Rea Don",
        "comment": "My dream pc\u2764\ufe0f"
      },
      {
        "author_name": "haBiB bd II",
        "comment": "bro, kindly sodo pc price ta bola jabe, cost koto porche?"
      },
      {
        "author_name": "Walid Hossain",
        "comment": "Facebook page theke guess Kore onekgula mile gese.akhn amake 2070 giveaway koren \ud83e\udd74"
      },
      {
        "author_name": "Best Scince Exprement",
        "comment": "Sada extansion 24 pin power connector cable pabo kothai"
      },
      {
        "author_name": "Rony Sharma",
        "comment": "Great Job.. keep it up"
      },
      {
        "author_name": "sayeed hossain",
        "comment": "a perfect setup"
      },
      {
        "author_name": "Gaming Star",
        "comment": "Vai engineer der drawing r video editing er jonno ki model nile ba ki spefication nile valo hoi. Example : auto cad, flimora etc"
      },
      {
        "author_name": "Tawhidur Rahman",
        "comment": "1st....valobashar 2 channel\u2764"
      },
      {
        "author_name": "Ranojit Kumar",
        "comment": "\u09b8\u09cb\u09b9\u09be\u0997 \u09ad\u09be\u0987\u09df\u09c7\u09b0 \u09a8\u09a4\u09c1\u09a8 \u09aa\u09bf\u09b8\u09bf\u09b0 \u099c\u09a8\u09cd\u09af \u09b6\u09c1\u09ad\u0995\u09be\u09ae\u09a8\u09be\u0964"
      },
      {
        "author_name": "MD. SIAN",
        "comment": "MY FAVORITE BANGLADESHI TECH YOUTUBER IS SOHAG360"
      },
      {
        "author_name": "MD.Hasin Arman Channel bd",
        "comment": "Vai (PC builder) apnader location korai? Apna der kasa pc build korta kivaba contract korbo?"
      },
      {
        "author_name": "Sadman Sakib sami",
        "comment": "2 best tech utubers of bd together. Just take love...."
      },
      {
        "author_name": "Md Hafijul Islam",
        "comment": "Sir....\n20k pc build er jonno kon\nProcessor, motherboard,ram.ssd choice korbo please bolben sir....."
      },
      {
        "author_name": "Meer Hassan",
        "comment": "monitor ta kon brand er???"
      },
      {
        "author_name": "Habibur Rahman",
        "comment": "vai, \n60K- 80K ar moddhe \u098f\u09a1\u09bf\u099f\u09bf\u0982 \u09aa\u09bf\u09b8\u09bf build koren Please..."
      },
      {
        "author_name": "Prabir Hansda",
        "comment": "Amr 50k hakta pc build dorkar.\nMonitor &keyboard mouse bada"
      },
      {
        "author_name": "Rafed Razin",
        "comment": "Bro I wanna build my pc with you guyz too how can I do it ?"
      },
      {
        "author_name": "Nafiur Nafi",
        "comment": "PCIE vertical Bracket tar price ta ektu janale upokrito hoitam....Thanks in advance"
      },
      {
        "author_name": "Lil Fam",
        "comment": "Desk, chair, case niye in-depth video chai..."
      },
      {
        "author_name": "Shamim Al Mamun",
        "comment": "pc builder, video te je monitor dekha jasse ota somporke aktu janaben please?"
      },
      {
        "author_name": "Adnan Shikder",
        "comment": "Windows 10 pro ta kotha theke nea hoyese?"
      },
      {
        "author_name": "Sazzad Hosen Dipu",
        "comment": "Under 30k best built ai 2020 te konti hobe? Kew akto janale valo hoto!"
      },
      {
        "author_name": "Mohammad Arif Fuad",
        "comment": "vertically gpu er kono harmful side ase ki?"
      },
      {
        "author_name": "King Sami",
        "comment": "MSI MAG Vampiric 010 casing ki valo hobe?"
      },
      {
        "author_name": "Foysal Khan Kobi",
        "comment": "Assalamualaikum \n\ud83d\ude0apubg Bangladeshi der chance dise influencer howyar \ud83d\ude43 btw apply krte 5k+ subs lage \ud83d\ude0aami ekjn choto YouTuber. amdr grp ta onk boro ektu help krlei amio hoite partm ekjn influencer \ud83d\ude43\n\nneed support \ud83d\ude43"
      },
      {
        "author_name": "Adib OfficiaL",
        "comment": "Ai Bulid ta Complete korte koto taka lagbe?"
      },
      {
        "author_name": "NAHID HASAN",
        "comment": "2080 ta nile khela aro vlo jomto....but its a good build"
      },
      {
        "author_name": "AL HASSAN ABID",
        "comment": "vai to motherbord ae dhora khaise.. highend mobo nile valo holo"
      },
      {
        "author_name": "OMAR SHARIF SUMON",
        "comment": "\u0985\u09a4\u09cd\u09af\u09be\u09a8\u09cd\u09a4 \u0997\u09c1\u09a8\u0997\u09a4 \u09ae\u09be\u09a8\u09c7\u09b0 \u09ad\u09bf\u09a1\u09bf\u0993 \u09a4\u09c8\u09b0\u09c0 \u0995\u09b0\u09c7\u09a8 \u0986\u09aa\u09a8\u09be\u09b0\u09be, \u09a7\u09a8\u09cd\u09af\u09ac\u09be\u09a6, \u09aa\u09cd\u09b0\u09ac\u09be\u09b8 \u09a5\u09c7\u0995\u09c7 \u09a6\u09c7\u09b6\u09c7 \u09ab\u09bf\u09b0\u09c7 \u0986\u09aa\u09a8\u09be\u09a6\u09c7\u09b0 \u0995\u09be\u099b \u09a5\u09c7\u0995\u09c7\u0987 \u09a8\u09bf\u09ac \u0986\u09ae\u09be\u09b0 \u09aa\u099b\u09a8\u09cd\u09a6\u09c7\u09b0 \u09aa\u09bf\u09b8\u09bf \u099f\u09bf \u0987\u09a8\u09b6\u09be\u0986\u09b2\u09cd\u09b2\u09be\u09b9"
      },
      {
        "author_name": "Mostafizur Rahman",
        "comment": "\u0986\u09aa\u09a8\u09be\u09a6\u09c7\u09b0 \u09ad\u09bf\u09a1\u09bf\u0993 \u0997\u09c1\u09b2\u09cb \u0996\u09c1\u09ac\u0987 quality \u09b8\u09ae\u09cd\u09aa\u09a8\u09cd\u09a8.....but \u09ac\u09be\u0982\u09b2\u09be\u09b0 \u09ae\u09be\u09a8\u09c1\u09b7 \u0997\u09c1\u09b2\u09cb \u0986\u09aa\u09a8\u09be\u09a6\u09c7\u09b0\u0995\u09c7 \u0986\u09aa\u09a8\u09be\u09a6\u09c7\u09b0 \u09aa\u09cd\u09b0\u09be\u09aa\u09cd\u09af \u09a6\u09bf\u09a4\u09c7 \u09aa\u09be\u09b0\u09b2\u09cb \u09a8\u09be....\u09a6\u09cb\u09df\u09be \u0995\u09b0\u09bf \u09af\u09c7\u09a8 \u0986\u09aa\u09a8\u09be\u09b0\u09be \u098f\u0995\u09a6\u09bf\u09a8 \u0985\u09a8\u09c7\u0995 \u09b8\u09ab\u09b2 \u09b9\u09cb\u09a8......"
      },
      {
        "author_name": "Sahariar Raj",
        "comment": "Monitor konta use kora hoise??"
      },
      {
        "author_name": "Mohammad Rayhan Mollah",
        "comment": "monitor somende jante cgassilam bola hoinai video te. ssd 500 gb somonde jante chassilam. kindly janaben."
      },
      {
        "author_name": "ismail shagor",
        "comment": "building cost koto cilo..?"
      },
      {
        "author_name": "Ashiqur Rahman ashik",
        "comment": "Just wow, thanks pc  builder"
      },
      {
        "author_name": "Anivik Jr",
        "comment": "55k \u098f\u09b0 \u09ad\u09be\u09b2 \u098f\u0995\u099f\u09be  gaming pc buit \u0995\u09b0\u09c7 \u09a6\u09c7\u0996\u09be\u09a8\u263a"
      },
      {
        "author_name": "South Winger 360",
        "comment": "GPU vertical na holei mone hoi sundor hoitoh. GPU er LCD screen ta dekha jasche na.. btw.. osadharon build\u2764\ufe0f"
      },
      {
        "author_name": "Mdpearveas Sheikh",
        "comment": "Bhaiya ami aonader kach thake pc bulid koraita caila contact korbo kivabe.?"
      },
      {
        "author_name": "Maxic Art Creation",
        "comment": "Vaiya amake 95k er moddhe ekta valo gaming pc er parts suggest korben please"
      },
      {
        "author_name": "almunsur zihan",
        "comment": "Vaiya amar jonno 25k ar vitore akta valo editing ar halka patla gaming pc suggest koren ...plzzz\ud83d\ude4f"
      },
      {
        "author_name": "Mehetab Hasan Dipto",
        "comment": "Sohag vai tech nia age vedio banaito akhon Mobile revew kore tech er bal dao nai."
      },
      {
        "author_name": "Faishal Monir",
        "comment": "Vai jitsen \ud83d\udc4d\ud83d\udc4d\ud83d\udd25\ud83d\udd25"
      },
      {
        "author_name": "abdullah ifty",
        "comment": "60k er gaming pc r ekta review dile khushi hotam...."
      },
      {
        "author_name": "Rakib Mollah",
        "comment": "Monitor model? I know it\u2019s from LG but which one?"
      },
      {
        "author_name": "Nafiz Zaman",
        "comment": "Budget build anar try koren low er modhe"
      },
      {
        "author_name": "Hossain Mohammad Maruf",
        "comment": "Vaiyaa... PC builder BD shop er Location kothai?"
      },
      {
        "author_name": "md fazla rabby",
        "comment": "110k er moddhe 1 ta best gaming laptop reviw please brother"
      },
      {
        "author_name": "Tech Time Entertainment In Daily Life",
        "comment": "Vai please kew ei background music tar name bolen amr kob drkr \nPleade vai amr channel er jonno vai please"
      },
      {
        "author_name": "Mahadi Hasan",
        "comment": "Hi Pc builder team. I want to have those power cables. From where can I get and how much is the price? Please help"
      },
      {
        "author_name": "Shayan Ahmed",
        "comment": "Bhai audio recording ta better mic diye koren. sound clear na."
      },
      {
        "author_name": "reaz azim",
        "comment": "\u0985\u09a8\u09c7\u0995 \u09a6\u09bf\u09a8 \u09b9\u09b2 gadget baba \u0995\u09c7 \u09a6\u09c7\u0996\u09bf \u09a8\u09be\ud83d\ude22\ud83d\ude22\ud83d\ude22 1st \u098f \u09ad\u09be\u09ac\u09b2\u09be\u09ae  Shohag \u09ad\u09be\u0987\u09df\u09c7\u09b0 channel  \u098f \u09ad\u09bf\u09a1\u09bf\u0993  \u09a6\u09c7\u0996\u09a4\u09c7\u099b\u09bf"
      },
      {
        "author_name": "Tech DMSK",
        "comment": "\u0986\u09aa\u09a8\u09be\u09a6\u09c7\u09b0 Background  music \u098f\u09b0 \u09a8\u09be\u09ae \u0995\u09bf?"
      },
      {
        "author_name": "Abdullah Al Tazim",
        "comment": "Apnader kache theke pc build korte koto taka lage?"
      },
      {
        "author_name": "Tanvir Ahmed Tanim",
        "comment": "Vaiya GPU er fan gortacana kano kaw ki bolta parban?"
      },
      {
        "author_name": "AR GAMING",
        "comment": "Vai bissas koren ami ajke airokom 1ta video nia vabte cilam . Tobe seikane sohag vai er jaygay ATC  team cilo . What a coincidence"
      },
      {
        "author_name": "NOBLE FANS",
        "comment": "bro ami akta gaming o live scream ar jornno pc banate chai.\nmideam dam ar vitor.\nkoto porte pare.\nar kemon hobe."
      },
      {
        "author_name": "shaharul islam shakib",
        "comment": "Vai sob e buzlam...bt laptop ar suggestion cai"
      },
      {
        "author_name": "Md Ehsanul Haque",
        "comment": "\u09b8\u09cb\u09b9\u09be\u0997 \u09ad\u09be\u0987\u0995\u09c7 \u09a6\u09c7\u0996\u09c7 \u09ad\u09be\u09b2\u09cb \u09b2\u09be\u0997\u09b2\u09cb\u0964keep it up!"
      },
      {
        "author_name": "Rahatul Islam Rafi",
        "comment": "50-60 \u09b9\u09be\u099c\u09be\u09b0\u09c7\u09b0 \u098f\u09b0 \u09ae\u09a7\u09cd\u09af\u09c7 \u09ad\u09be\u09b2\u09cb \u0997\u09c7\u09ae\u09bf\u0982 \u09aa\u09bf\u09b8\u09bf \u09ac\u09bf\u09b2\u09cd\u09a1 \u0995\u09b0\u09be \u09af\u09be\u09ac\u09c7 \u0995\u09bf?"
      },
      {
        "author_name": "Radin the gamer",
        "comment": "bhaiya pc build kothai korte pari???apnara korte parben???btw big fan"
      },
      {
        "author_name": "ikramul haque",
        "comment": "joss collab hoyeche"
      },
      {
        "author_name": "GAMING AIR Official",
        "comment": "Price koto vai??"
      },
      {
        "author_name": "Kazi Kamrul Hasan",
        "comment": "Best video\u2764\ufe0f"
      },
      {
        "author_name": "Abu Talha",
        "comment": "lattepanda alpha 864s \u098f \u099f\u09be \u09a8\u09bf\u09df\u09c7 \u098f\u0995\u099f\u09bf \u09ad\u09bf\u09a1\u09bf\u0993 \u09ac\u09be\u09a8\u09be\u09a8"
      },
      {
        "author_name": "Bhuiyan Md. Zawadul Hoque",
        "comment": "Nice! I Like Sohag's Every Video..........."
      },
      {
        "author_name": "Shawon Islam",
        "comment": "Nice work..Keep it up"
      },
      {
        "author_name": "Md Rafique",
        "comment": "\u09a6\u09c7\u0996\u09c7 \u09ae\u09a8\u099f\u09be \u099c\u09c1\u09dc\u09bf\u09df\u09c7 \u0997\u09c7\u09b2....... \u0985\u09b8\u09be\u09a7\u09be\u09b0\u09a8\u0964"
      },
      {
        "author_name": "MD. NOMAN",
        "comment": "Vai 25k aer moddhe valo graphic editing pc make koren .jetai  online graphic  kaj valovabe  korajabe.\nMajemaje  olpo  game khelbo.\nPlzzzzz."
      },
      {
        "author_name": "Vhubon Khan",
        "comment": "Bhai ami pc kinbo.Apni Amake Build Kore dite Parben?"
      },
      {
        "author_name": "Azimur Roshid",
        "comment": "\u09ad\u09be\u0987 \u098f\u0987 \u09aa\u09cd\u09b0\u09a5\u09ae \u0986\u09ae\u09bf \u0995\u09cb\u09a8\u09cb \u0987\u0989\u099f\u09bf\u0989\u09ac\u0995\u09c7 \u098f\u0995\u09b8\u09be\u09a5\u09c7 \u09b2\u09be\u0987\u0995,\u0995\u09ae\u09c7\u09a8\u09cd\u099f \u098f\u09ac\u0982 \u09b8\u09be\u09ac\u09b8\u09cd\u0995\u09cd\u09b0\u09be\u0987\u09ac \u0995\u09b0\u09b2\u09be\u09ae \u09ad\u09be\u09b2\u09cb \u09b2\u09be\u0997\u09b2\u09cb\u2764"
      },
      {
        "author_name": "Mahbubur Rahman",
        "comment": "Vai love ur videos a lot,but music avoid korle vlo hoy\ud83d\udda4"
      },
      {
        "author_name": "max4min gaming",
        "comment": "Minimal editing pc! Yeah right."
      },
      {
        "author_name": "Chirantan Kumar Sarkar",
        "comment": "amar dui praner channel \ud83d\ude0d\ud83d\ude0d\ud83d\ude0d"
      },
      {
        "author_name": "Nahiyan Islam",
        "comment": "shohag vai er last pc build dekhsilam ryzen 3 3200g er....ar ekhon ek laaf e r9 e....borolok pc builder"
      },
      {
        "author_name": "Muzibul Chowdhury",
        "comment": "Bhaia Monitor konta use korechen?"
      },
      {
        "author_name": "DX Sumon",
        "comment": "AMD Ryzen 5 3400G Processor\nMSI/Gigabyte B450 a pro max motherboard\nNVMe m.2 ssd 240gb/128gb\nCorsair Vengeance/G.skill 8gb ddr4 3200mhz"
      },
      {
        "author_name": "Md Nafis",
        "comment": "Monitor tar name ki..?"
      },
      {
        "author_name": "CREATOR FARDiN",
        "comment": "pc budget koto"
      },
      {
        "author_name": "kaochar habib",
        "comment": "\u2764\u2764\u2764"
      },
      {
        "author_name": "Ahmed Rohaan",
        "comment": "This channel deserve 1million sub"
      },
      {
        "author_name": "Hushar Mamun",
        "comment": "You guys are so underrated but still my favorite chanel. Hope you guys hit 500k soon"
      },
      {
        "author_name": "Irfan Ahmed",
        "comment": "Great build!"
      },
      {
        "author_name": "M Habib Talukder",
        "comment": "vai apnader chittagong ki kon show room ache?"
      },
      {
        "author_name": "AEOR67",
        "comment": "sohag360 tamon ahammuri edit kore na tai ato dam diye ata niya uchit chilo na"
      },
      {
        "author_name": "Rakibul Islum",
        "comment": "Msi x570 tomahawk ta hola valo hoto na"
      },
      {
        "author_name": "Tasnim Ahmed Chowdhury",
        "comment": "Bhai import koraisen kibhabe?"
      },
      {
        "author_name": "Mashal Gaming",
        "comment": "Shohag vai...\nLove you"
      },
      {
        "author_name": "Pr0grammed",
        "comment": "can you make a budget pc build for 95k featuring the fractal design focus g case?"
      },
      {
        "author_name": "RXALLinONE",
        "comment": "Bhaiya apnara please ekta request rakte parben. Apnara pc +monitor + keyboard + mouse + xbox game controller.  Eguli shob 100k er moddhe dekhan please"
      },
      {
        "author_name": "A.H HRIDOY",
        "comment": "total cost koto?"
      },
      {
        "author_name": "Mejba Rahaman",
        "comment": "ow .. pc banaila apnader teka ii banai nibo"
      },
      {
        "author_name": "Mehedi Hasan",
        "comment": "Amar dream akjon computer programer howya.ami Jodi kokhono Amar ai dream ar jonno DREAM PC banai tahole pc builder Bangladesh ar maddhome banabo insha'Allah.atao Amar akta dream\u2665\ufe0f"
      },
      {
        "author_name": "Rayhan Siddique",
        "comment": "In 12 seconds"
      },
      {
        "author_name": "ashik samad",
        "comment": "Totally price koto prose?"
      },
      {
        "author_name": "Md Majadul Islam",
        "comment": "Vai ai pc price koto?"
      },
      {
        "author_name": "DragonBDgamers",
        "comment": "COLORFUL IGAME GEFORCE RTX 2080 TI vs AORUS GEFORCE RTX 2080 TI konta value for munny and long time ouse"
      },
      {
        "author_name": "Omar Huzaifa",
        "comment": "rakib via vlo hoto jodi price soho arktu bictarito vdo banteb."
      },
      {
        "author_name": "Rakib Hasan",
        "comment": "Monitor tar name ki kew bolte paren?"
      },
      {
        "author_name": "rahad hasan",
        "comment": "Iktu class a uthar chesta kora.... eta best dialogue chilo..."
      },
      {
        "author_name": "Everything is herE",
        "comment": "\u09ad\u09be\u0987 \u09e8\u09e6 \u09b9\u09be\u099c\u09be\u09b0\u09c7\u09b0 \u09ae\u09a7\u09cd\u09af\u09c7 \u09ac\u09c7\u09b7\u09cd\u099f \u098f\u0995\u099f\u09be \u09aa\u09bf\u09b8\u09bf \u09a6\u09c7\u0996\u09be\u09ac\u09c7\u09a8\u0964\u0964"
      },
      {
        "author_name": "Riajul Islam",
        "comment": "PCB Bangladesh ar branch kothi. Vi ami acta pc build korta chi. Kao amake aktu adress ta dan."
      },
      {
        "author_name": "Cs_ Sazid",
        "comment": "Beta arekdike takai pechal parteseh ken"
      },
      {
        "author_name": "Brothers zone",
        "comment": "Total cost koto porbe?"
      },
      {
        "author_name": "Tahamid Gaming",
        "comment": "Nice build man. Great"
      },
      {
        "author_name": "Sazzad Hasan",
        "comment": "\u09ae\u09a8\u09bf\u099f\u09b0 \u0995\u09cb\u09a8\u099f\u09be? Price?"
      },
      {
        "author_name": "IRD Gaming",
        "comment": "2nd!"
      },
      {
        "author_name": "Ferdous Ahemmed",
        "comment": "intel core i5 and AMD Ryzen 5 \nKontaa better hbee???"
      },
      {
        "author_name": "Mizanur Rahman",
        "comment": "side theke dekhte ki khub shundor lage naki vai.... na apnader shamner camerar kom porse"
      },
      {
        "author_name": "jack vice",
        "comment": "How can we import parts for personal use if we need?"
      },
      {
        "author_name": "Shoruv Bhadra",
        "comment": "2 best channels. love u both."
      },
      {
        "author_name": "Rakma Sultana",
        "comment": "Monitor ta kisar?"
      },
      {
        "author_name": "DSS gaming",
        "comment": "Apnader main show room kothay?"
      },
      {
        "author_name": "SharLee Chowdhury",
        "comment": "\u09aa\u099b\u09a8\u09cd\u09a6\u09c7\u09b0 \u09e8\u099f\u09be \u099a\u09cd\u09af\u09be\u09a8\u09c7\u09b2 \u09af\u0996\u09a8 \u0995\u09cb\u09b2\u09cd\u09af\u09be\u09ac \u0995\u09b0\u09c7 \u09a4\u0996\u09a8 \u09aa\u09b0\u09be\u09a3\u099f\u09be \u099c\u09c1\u09b0\u09be\u09df \u09af\u09be\u09df"
      },
      {
        "author_name": "Nakib GamingYT",
        "comment": "Vaiya plz vaiya 60k takay ryzen 3600 and gtx 1650 diye akta pc build kore dekhaben vaiya plz tmrd sob video ami dekhi ak kothay bolte paro onek boro fan."
      },
      {
        "author_name": "seapunk",
        "comment": "apnader kas theke pc build korbo"
      },
      {
        "author_name": "imtiaz uddin",
        "comment": "Monitor konta use korechen?"
      },
      {
        "author_name": "PCB Tech",
        "comment": "I requirement bay ryzen 9 3900x in rx 5700 xt in 64GB 3200mhz ram"
      },
      {
        "author_name": "Ashik Mahmud",
        "comment": "monitor er review chai"
      }
    ]
  }
]